{
    "appid": "2bd243dc56fa77ad8b80394a661270c2",
    "defaultLat": -24.486279,
    "defaultLong": 15.801805
}